{
	"pages": [ //pages数组中第一项表示应用启动页，参考：https://uniapp.dcloud.io/collocation/pages
		{
			"path": "pages/index/index",
			"style": {
				"navigationBarTitleText": "阅读评测"
			}
		},
		{
			"path": "pages/review-history/review-history",
			"style": {
				"navigationBarTitleText": "评测历史"
			}
		},
		{
            "path" : "pages/review-question/review-question",
            "style" : {
				"navigationBarTitleText": "评测题"
			}
        },
		{
            "path" : "pages/my/my",
            "style" : {
				"navigationBarTitleText": "我的",
				"navigationBarBackgroundColor":"#19CAAD",
				"navigationBarTextStyle":"white"
			}
        }
    ],
	"globalStyle": {
		"navigationBarTextStyle": "black",
		"navigationBarTitleText": "uni-app",
		"navigationBarBackgroundColor": "#F8F8F8",
		"backgroundColor": "#F8F8F8"
	}
}
